pedido,cliente,planta,planta_id,producto,toneladas,estado,turno_muelle,prioridad,dias_desde_pedido,dias_promesa,sla_promesa_horas,sla_real_horas,notas
PD-24-08700,Almacenes Éxito,Itagüí,PL-ITG,Concentro Piscícola 28%,43.9,en_transito,11,Estándar,14,18,96,85,
PD-24-08701,Pombo,Itagüí,PL-ITG,Concentro Equino 14%,18.3,en_produccion,,Estándar,5,10,120,,
PD-24-08702,Farmatodo,Itagüí,PL-ITG,Concentro Porcino 16%,90.2,en_muelle,8,Estándar,44,54,240,238,Retraso en turno de muelle — notificar al cliente
PD-24-08703,D1,Itagüí,PL-ITG,Concentro Piscícola 28%,59.4,en_produccion,,Perecedero,17,21,96,,
PD-24-08704,Carulla,Itagüí,PL-ITG,Concentro Equino 14%,25.2,listo_despacho,,VIP,22,33,264,,
PD-24-08705,Farmatodo,Barranquilla,PL-BQT,Concentro Bovino 18%,117.2,en_muelle,11,Estándar,24,27,72,67,Retraso en turno de muelle — notificar al cliente
PD-24-08706,Ara,Palmira,PL-PAL,Concentro Piscícola 28%,22.3,en_transito,2,VIP,42,47,120,123,
PD-24-08707,Olímpica,Barranquilla,PL-BQT,Concentro Equino 14%,81.7,listo_despacho,,VIP,23,27,96,,
PD-24-08708,Carulla,Mosquera,PL-MOS,Premezcla Mineral,81.7,en_produccion,,Perecedero,34,47,312,,
PD-24-08709,Olímpica,Barranquilla,PL-BQT,Concentro Piscícola 28%,87.3,listo_despacho,,VIP,14,26,288,,
PD-24-08710,Almacenes Éxito,Buga,PL-BUG,Concentro Avícola 20%,57.1,entregado,,Estándar,4,9,120,128,
PD-24-08711,Makro,Buga,PL-BUG,Concentro Equino 14%,107.9,en_produccion,,VIP,41,50,216,,
PD-24-08712,Farmatodo,Buga,PL-BUG,Premezcla Mineral,42.6,entregado,,Perecedero,37,45,192,203,
PD-24-08713,D1,Buga,PL-BUG,Premezcla Mineral,66.8,en_produccion,,VIP,3,6,72,,
PD-24-08714,Pombo,Barranquilla,PL-BQT,Concentro Bovino 18%,55.4,en_muelle,9,VIP,38,47,216,201,Retraso en turno de muelle — notificar al cliente
PD-24-08715,Farmatodo,Itagüí,PL-ITG,Concentro Avícola 20%,95.7,listo_despacho,,VIP,21,24,72,,
PD-24-08716,Almacenes Éxito,Barranquilla,PL-BQT,Concentro Piscícola 28%,107.0,en_transito,9,VIP,16,26,240,226,
PD-24-08717,Farmatodo,Mosquera,PL-MOS,Premezcla Mineral,35.9,en_produccion,,Estándar,23,37,336,,
PD-24-08718,Pombo,Itagüí,PL-ITG,Concentro Avícola 20%,66.3,entregado,,Perecedero,7,14,168,171,
PD-24-08719,Ara,Itagüí,PL-ITG,Premezcla Mineral,114.4,en_muelle,2,Estándar,5,18,312,294,
PD-24-08720,D1,Buga,PL-BUG,Concentro Piscícola 28%,64.9,listo_despacho,,Estándar,35,39,96,,
PD-24-08721,Ara,Barranquilla,PL-BQT,Premezcla Mineral,94.3,en_transito,7,Estándar,44,49,120,106,
PD-24-08722,Makro,Mosquera,PL-MOS,Premezcla Mineral,62.4,programado,,VIP,15,20,120,,
PD-24-08723,Farmatodo,Palmira,PL-PAL,Concentro Porcino 16%,76.8,en_transito,1,VIP,0,3,72,76,
PD-24-08724,Homecenter,Itagüí,PL-ITG,Concentro Bovino 18%,69.0,en_muelle,9,VIP,17,29,288,271,Retraso en turno de muelle — notificar al cliente
PD-24-08725,Pombo,Palmira,PL-PAL,Concentro Equino 14%,40.5,en_muelle,2,VIP,30,44,336,321,
PD-24-08726,Homecenter,Barranquilla,PL-BQT,Concentro Equino 14%,58.2,cargado,11,VIP,3,15,288,293,
PD-24-08727,Homecenter,Barranquilla,PL-BQT,Concentro Bovino 18%,41.1,en_muelle,7,VIP,12,22,240,238,Retraso en turno de muelle — notificar al cliente
PD-24-08728,Ara,Barranquilla,PL-BQT,Concentro Bovino 18%,61.5,registrado,,Estándar,35,38,72,,
PD-24-08729,Carulla,Itagüí,PL-ITG,Concentro Porcino 16%,32.5,en_produccion,,Perecedero,31,40,216,,
PD-24-08730,D1,Itagüí,PL-ITG,Concentro Equino 14%,15.2,entregado,,Perecedero,24,30,144,150,
PD-24-08731,Farmatodo,Barranquilla,PL-BQT,Concentro Piscícola 28%,90.4,listo_despacho,,VIP,9,14,120,,
PD-24-08732,Farmatodo,Palmira,PL-PAL,Concentro Bovino 18%,93.5,cargado,9,Estándar,3,5,48,49,
PD-24-08733,Farmatodo,Itagüí,PL-ITG,Concentro Bovino 18%,104.4,programado,,VIP,4,15,264,,
PD-24-08734,Carulla,Barranquilla,PL-BQT,Premezcla Mineral,40.9,cargado,7,Estándar,38,40,48,36,
PD-24-08735,Farmatodo,Palmira,PL-PAL,Concentro Avícola 20%,113.1,en_transito,4,Perecedero,13,25,288,282,
PD-24-08736,Olímpica,Buga,PL-BUG,Concentro Equino 14%,48.2,en_muelle,10,VIP,4,6,48,52,Retraso en turno de muelle — notificar al cliente
PD-24-08737,Ara,Palmira,PL-PAL,Premezcla Mineral,42.8,entregado,,Perecedero,22,25,72,78,
PD-24-08738,Makro,Buga,PL-BUG,Premezcla Mineral,88.9,cargado,1,Estándar,39,53,336,325,
PD-24-08739,Carulla,Mosquera,PL-MOS,Concentro Porcino 16%,42.8,en_muelle,5,Perecedero,6,19,312,299,Producto perecedero — prioridad de despacho
PD-24-08740,Homecenter,Buga,PL-BUG,Concentro Porcino 16%,87.2,en_muelle,1,VIP,16,26,240,226,
PD-24-08741,Olímpica,Barranquilla,PL-BQT,Concentro Bovino 18%,15.4,entregado,,VIP,8,20,288,304,
PD-24-08742,Jumbo,Palmira,PL-PAL,Premezcla Mineral,16.0,entregado,,Estándar,4,17,312,302,
PD-24-08743,Pombo,Mosquera,PL-MOS,Premezcla Mineral,30.5,listo_despacho,,VIP,8,10,48,,
PD-24-08744,Ara,Mosquera,PL-MOS,Concentro Piscícola 28%,41.2,en_transito,7,Estándar,6,13,168,151,
PD-24-08745,Ara,Buga,PL-BUG,Concentro Porcino 16%,117.5,registrado,,Estándar,11,19,192,,
PD-24-08746,Jumbo,Mosquera,PL-MOS,Concentro Piscícola 28%,105.7,en_produccion,,Estándar,15,21,144,,
PD-24-08747,Jumbo,Itagüí,PL-ITG,Concentro Bovino 18%,105.2,entregado,,Perecedero,14,19,120,130,
PD-24-08748,Ara,Mosquera,PL-MOS,Concentro Porcino 16%,17.5,listo_despacho,,VIP,12,20,192,,
PD-24-08749,Homecenter,Mosquera,PL-MOS,Concentro Piscícola 28%,68.5,listo_despacho,,VIP,43,53,240,,
PD-24-08750,Olímpica,Itagüí,PL-ITG,Concentro Porcino 16%,76.0,programado,,Perecedero,16,18,48,,
PD-24-08751,Homecenter,Mosquera,PL-MOS,Concentro Equino 14%,78.7,listo_despacho,,Estándar,32,35,72,,
PD-24-08752,Olímpica,Buga,PL-BUG,Concentro Bovino 18%,89.4,entregado,,Estándar,0,10,240,240,
PD-24-08753,Jumbo,Mosquera,PL-MOS,Concentro Bovino 18%,114.6,listo_despacho,,VIP,21,32,264,,
PD-24-08754,Farmatodo,Mosquera,PL-MOS,Concentro Avícola 20%,85.0,en_transito,9,VIP,20,28,192,192,
PD-24-08755,Jumbo,Barranquilla,PL-BQT,Concentro Piscícola 28%,93.6,cargado,7,Estándar,11,22,264,270,
PD-24-08756,Olímpica,Mosquera,PL-MOS,Concentro Porcino 16%,60.1,cargado,8,Perecedero,37,48,264,256,Producto perecedero — prioridad de despacho
PD-24-08757,Farmatodo,Buga,PL-BUG,Concentro Equino 14%,98.3,programado,,Estándar,10,22,288,,
PD-24-08758,Homecenter,Palmira,PL-PAL,Concentro Bovino 18%,100.9,listo_despacho,,VIP,15,27,288,,
PD-24-08759,Almacenes Éxito,Buga,PL-BUG,Concentro Bovino 18%,40.7,entregado,,VIP,30,41,264,281,
